username,password,email,name,rank,gender,pn_number,aadhar_no
arjun1,guard,arjun.mehra.1@example.com,Arjun Mehra,A Grade,Male,7000000001,900000000001
rohan2,guard,rohan.mehra.2@example.com,Rohan Mehra,A Grade,Other,7000000002,900000000002
vikas3,guard,vikas.mehra.3@example.com,Vikas Mehra,A Grade,Male,7000000003,900000000003
manish4,guard,manish.mehra.4@example.com,Manish Mehra,A Grade,Male,7000000004,900000000004
avinash5,guard,avinash.mehra.5@example.com,Avinash Mehra,A Grade,Male,7000000005,900000000005
sumit6,guard,sumit.mehra.6@example.com,Sumit Mehra,A Grade,Female,7000000006,900000000006
karan7,guard,karan.mehra.7@example.com,Karan Mehra,A Grade,Male,7000000007,900000000007
rahul8,guard,rahul.mehra.8@example.com,Rahul Mehra,A Grade,Other,7000000008,900000000008
neeraj9,guard,neeraj.mehra.9@example.com,Neeraj Mehra,A Grade,Other,7000000009,900000000009
yogesh10,guard,yogesh.mehra.10@example.com,Yogesh Mehra,A Grade,Other,7000000010,900000000010
sagar11,guard,sagar.mehra.11@example.com,Sagar Mehra,B Grade,Male,7000000011,900000000011
mukesh12,guard,mukesh.mehra.12@example.com,Mukesh Mehra,B Grade,Female,7000000012,900000000012
hemant13,guard,hemant.mehra.13@example.com,Hemant Mehra,B Grade,Female,7000000013,900000000013
deepak14,guard,deepak.mehra.14@example.com,Deepak Mehra,B Grade,Other,7000000014,900000000014
arvind15,guard,arvind.mehra.15@example.com,Arvind Mehra,B Grade,Female,7000000015,900000000015
tarun16,guard,tarun.mehra.16@example.com,Tarun Mehra,B Grade,Female,7000000016,900000000016
sachin17,guard,sachin.mehra.17@example.com,Sachin Mehra,B Grade,Female,7000000017,900000000017
ajay18,guard,ajay.mehra.18@example.com,Ajay Mehra,B Grade,Male,7000000018,900000000018
dinesh19,guard,dinesh.mehra.19@example.com,Dinesh Mehra,B Grade,Female,7000000019,900000000019
lalit20,guard,lalit.mehra.20@example.com,Lalit Mehra,B Grade,Male,7000000020,900000000020
rakesh21,guard,rakesh.mehra.21@example.com,Rakesh Mehra,C Grade,Male,7000000021,900000000021
gaurav22,guard,gaurav.mehra.22@example.com,Gaurav Mehra,C Grade,Male,7000000022,900000000022
pawan23,guard,pawan.mehra.23@example.com,Pawan Mehra,C Grade,Female,7000000023,900000000023
suresh24,guard,suresh.mehra.24@example.com,Suresh Mehra,C Grade,Male,7000000024,900000000024
kamal25,guard,kamal.mehra.25@example.com,Kamal Mehra,C Grade,Male,7000000025,900000000025
chandan26,guard,chandan.mehra.26@example.com,Chandan Mehra,C Grade,Female,7000000026,900000000026
dhruv27,guard,dhruv.mehra.27@example.com,Dhruv Mehra,C Grade,Male,7000000027,900000000027
pradeep28,guard,pradeep.mehra.28@example.com,Pradeep Mehra,C Grade,Other,7000000028,900000000028
umesh29,guard,umesh.mehra.29@example.com,Umesh Mehra,C Grade,Male,7000000029,900000000029
aditya30,guard,aditya.mehra.30@example.com,Aditya Mehra,C Grade,Female,7000000030,900000000030
ashok31,guard,ashok.mehra.31@example.com,Ashok Mehra,D Grade,Female,7000000031,900000000031
mahesh32,guard,mahesh.mehra.32@example.com,Mahesh Mehra,D Grade,Male,7000000032,900000000032
suraj33,guard,suraj.mehra.33@example.com,Suraj Mehra,D Grade,Male,7000000033,900000000033
rajesh34,guard,rajesh.mehra.34@example.com,Rajesh Mehra,D Grade,Male,7000000034,900000000034
vishal35,guard,vishal.mehra.35@example.com,Vishal Mehra,D Grade,Male,7000000035,900000000035
nand36,guard,nand.mehra.36@example.com,Nand Mehra,D Grade,Female,7000000036,900000000036
dev37,guard,dev.mehra.37@example.com,Dev Mehra,D Grade,Other,7000000037,900000000037
paramjeet38,guard,paramjeet.mehra.38@example.com,Paramjeet Mehra,D Grade,Female,7000000038,900000000038
ravi39,guard,ravi.mehra.39@example.com,Ravi Mehra,D Grade,Other,7000000039,900000000039
sarvesh40,guard,sarvesh.mehra.40@example.com,Sarvesh Mehra,D Grade,Other,7000000040,900000000040
bhavesh41,guard,bhavesh.mehra.41@example.com,Bhavesh Mehra,E Grade,Other,7000000041,900000000041
dharam42,guard,dharam.mehra.42@example.com,Dharam Mehra,E Grade,Female,7000000042,900000000042
sushil43,guard,sushil.mehra.43@example.com,Sushil Mehra,E Grade,Female,7000000043,900000000043
tarachand44,guard,tarachand.mehra.44@example.com,Tarachand Mehra,E Grade,Male,7000000044,900000000044
jeet45,guard,jeet.mehra.45@example.com,Jeet Mehra,E Grade,Male,7000000045,900000000045
abhinav46,guard,abhinav.mehra.46@example.com,Abhinav Mehra,E Grade,Male,7000000046,900000000046
samar47,guard,samar.mehra.47@example.com,Samar Mehra,E Grade,Male,7000000047,900000000047
aryan48,guard,aryan.mehra.48@example.com,Aryan Mehra,E Grade,Other,7000000048,900000000048
harsh49,guard,harsh.mehra.49@example.com,Harsh Mehra,E Grade,Other,7000000049,900000000049
kunal50,guard,kunal.mehra.50@example.com,Kunal Mehra,E Grade,Female,7000000050,900000000050
arjun51,guard,arjun.singh.51@example.com,Arjun Singh,E Grade,Male,7000000051,900000000051
rohan52,guard,rohan.singh.52@example.com,Rohan Singh,E Grade,Other,7000000052,900000000052
vikas53,guard,vikas.singh.53@example.com,Vikas Singh,E Grade,Other,7000000053,900000000053
manish54,guard,manish.singh.54@example.com,Manish Singh,E Grade,Female,7000000054,900000000054
avinash55,guard,avinash.singh.55@example.com,Avinash Singh,E Grade,Other,7000000055,900000000055
sumit56,guard,sumit.singh.56@example.com,Sumit Singh,E Grade,Other,7000000056,900000000056
karan57,guard,karan.singh.57@example.com,Karan Singh,E Grade,Female,7000000057,900000000057
rahul58,guard,rahul.singh.58@example.com,Rahul Singh,E Grade,Other,7000000058,900000000058
neeraj59,guard,neeraj.singh.59@example.com,Neeraj Singh,E Grade,Male,7000000059,900000000059
yogesh60,guard,yogesh.singh.60@example.com,Yogesh Singh,E Grade,Male,7000000060,900000000060
sagar61,guard,sagar.singh.61@example.com,Sagar Singh,E Grade,Male,7000000061,900000000061
mukesh62,guard,mukesh.singh.62@example.com,Mukesh Singh,E Grade,Other,7000000062,900000000062
hemant63,guard,hemant.singh.63@example.com,Hemant Singh,E Grade,Male,7000000063,900000000063
deepak64,guard,deepak.singh.64@example.com,Deepak Singh,E Grade,Male,7000000064,900000000064
arvind65,guard,arvind.singh.65@example.com,Arvind Singh,E Grade,Female,7000000065,900000000065
tarun66,guard,tarun.singh.66@example.com,Tarun Singh,E Grade,Other,7000000066,900000000066
sachin67,guard,sachin.singh.67@example.com,Sachin Singh,E Grade,Female,7000000067,900000000067
ajay68,guard,ajay.singh.68@example.com,Ajay Singh,E Grade,Male,7000000068,900000000068
dinesh69,guard,dinesh.singh.69@example.com,Dinesh Singh,E Grade,Female,7000000069,900000000069
lalit70,guard,lalit.singh.70@example.com,Lalit Singh,E Grade,Male,7000000070,900000000070
